fold_number,train,validation,test
1,63.90013032064381,11.784863736073845,12.714933333736935
Means,63.90013032064381,11.784863736073845,12.714933333736935
Variances,63.90013032064381,11.784863736073845,12.714933333736935
