fold_number,train,validation,test
1,63.90013033020019,11.78486354981526,12.714933384060666
Means,63.90013033020019,11.78486354981526,12.714933384060666
Variances,63.90013033020019,11.78486354981526,12.714933384060666
